{
  "burgers": {
    "n_states": 32,
    "n_controls": 2,
    "dynamics_sum": 71.81018757548313,
    "dynamics_norm": 99.93568699081813,
    "dFdX_sum": -2480.42833035738,
    "dFdU_sum": 21.38926340113259,
    "running_cost_sum": 0.05298901715286804,
    "X0_sum": 4.440892098500626e-15,
    "X0_norm": 6.115029725732958,
    "U_lqr_sum": 3.518001586486795,
    "U_lqr_norm": 2.2846309126562954,
    "bvp_sum": -178.37341352018407,
    "bvp_norm": 196.56528216017222,
    "norm_sum": 0.3885968035015133
  },
  "allen_cahn": {
    "n_states": 48,
    "n_controls": 2,
    "dynamics_sum": 212.36534491992035,
    "dynamics_norm": 1586.8131463324648,
    "dFdX_sum": 152.74979281869713,
    "dFdU_sum": 31.456038901754845,
    "running_cost_sum": 0.05262709224962947,
    "X0_sum": -10.108401839241239,
    "X0_norm": 9.214420828329644,
    "U_lqr_sum": 0.37817948044865923,
    "U_lqr_norm": 0.24698084915163282,
    "bvp_sum": 651.7103522914156,
    "bvp_norm": 5227.063833718277,
    "norm_sum": 0.3863997337512532
  },
  "kuramoto_sivashinsky": {
    "n_states": 96,
    "n_controls": 4,
    "dynamics_sum": -0.10192905687836173,
    "dynamics_norm": 9767.036672155868,
    "dFdX_sum": 7.476601368134169,
    "dFdU_sum": 1.7763568394002505e-15,
    "running_cost_sum": 0.447006341561977,
    "X0_sum": -3.552713678800501e-15,
    "X0_norm": 10.593435588814732,
    "U_lqr_sum": 0.1111421418716978,
    "U_lqr_norm": 0.1682235502501963,
    "bvp_sum": -4.085560917001203,
    "bvp_norm": 12852.128639744797,
    "norm_sum": 1.1483762294723145
  }
}